sex,age,hours,inctot
1,18,8,500
2,18,40,2300
2,18,20,8500
2,18,40,21600
2,18,6,2100
2,18,0,19400
1,18,30,1300
2,18,0,0
1,18,0,0
2,18,0,0
2,18,20,4600
1,18,40,4000
2,18,59,5800
1,18,0,0
1,18,20,4500
2,18,10,700
1,18,10,890
1,18,20,2700
2,18,25,5000
1,18,0,4500
2,18,40,10500
1,18,0,290
1,18,44,9000
1,18,90,10600
2,18,40,680
2,18,6,400
2,18,35,5400
2,18,0,0
1,18,40,1000
2,18,10,810
2,18,20,7200
2,18,40,20000
1,18,40,8000
1,18,16,5000
1,18,0,0
1,18,14,1200
1,18,10,4000
2,18,0,0
1,18,20,650
1,18,0,0
2,18,0,0
1,18,12,1200
2,18,7,3000
2,18,0,0
1,18,40,3500
2,18,40,400
1,18,15,9000
1,18,38,7800
1,18,25,4300
2,18,0,0
1,18,20,1700
1,18,15,2300
1,18,35,2000
1,18,40,11000
1,18,0,0
1,18,24,3400
1,18,40,8000
2,19,40,10000
1,19,0,0
2,19,0,0
2,19,0,0
2,19,25,5600
1,19,40,2500
2,19,30,7600
2,19,40,6000
1,19,40,480
2,19,0,0
1,19,20,4000
1,19,45,2500
2,19,30,15400
1,19,0,0
1,19,40,10400
2,19,40,10000
1,19,40,27000
1,19,5,300
2,19,40,13500
1,19,5,940
2,19,30,8000
1,19,50,2000
2,19,35,17500
1,19,0,0
2,19,10,550
2,19,30,3000
2,19,33,10000
1,19,30,1000
1,19,20,3000
1,19,40,5000
1,19,35,10000
1,19,40,6200
2,19,15,1000
1,19,40,4900
1,19,30,5500
2,19,30,9000
2,19,32,1600
2,19,0,0
1,19,40,4800
1,19,40,5000
2,19,40,7000
1,19,50,15400
1,19,40,13000
2,19,20,1200
1,19,0,0
2,19,30,750
2,19,40,12000
2,19,0,0
1,19,25,4450
2,19,35,5000
2,19,0,0
1,19,0,0
2,19,0,0
2,19,15,4200
2,19,30,3500
2,19,38,15000
1,19,10,4100
2,19,17,5000
2,19,0,0
2,19,28,1000
1,19,40,1200
1,19,35,4600
2,19,30,2000
1,19,30,980
1,19,40,14000
2,19,25,7500
1,19,35,8400
1,19,40,14000
1,19,0,0
2,19,40,20000
2,19,20,4900
2,19,30,4000
2,19,40,4000
2,19,0,0
2,19,0,310
1,20,40,11000
2,20,8,3500
1,20,20,11610
2,20,20,7400
1,20,62,6000
2,20,40,7900
2,20,20,90
2,20,60,10000
1,20,42,24400
1,20,40,13300
2,20,0,0
1,20,8,3800
1,20,40,2000
1,20,0,0
2,20,25,4200
1,20,40,8000
2,20,40,19000
1,20,40,30000
2,20,45,25500
2,20,0,0
1,20,25,17700
1,20,40,7000
2,20,30,6000
2,20,40,2700
1,20,40,20000
2,20,0,0
1,20,40,2300
2,20,0,0
2,20,30,9000
1,20,0,0
1,20,40,19400
2,20,40,11120
2,20,20,7400
2,20,15,4000
1,20,40,600
1,20,40,52000
2,20,40,7000
1,20,40,960
1,20,40,3200
2,20,0,0
1,20,40,16500
2,20,10,800
1,20,90,6000
2,20,12,4500
1,20,40,8000
1,20,24,10000
1,20,40,15000
2,20,0,0
2,20,40,12000
2,20,0,0
1,20,20,23000
2,20,40,5000
2,20,35,12000
1,20,30,2000
1,20,40,15000
2,20,15,4000
1,20,45,46670
2,20,15,4000
2,20,18,4300
1,21,40,74000
2,21,0,0
2,21,40,13000
1,21,30,12000
1,21,50,40000
2,21,50,15500
2,21,40,11100
1,21,50,12000
1,21,25,15000
1,21,40,4000
1,21,40,20000
1,21,50,16000
2,21,40,8000
1,21,40,15000
1,21,35,10000
1,21,35,16000
1,21,40,19600
2,21,40,23500
2,21,30,11100
2,21,40,27100
2,21,30,5400
1,21,40,18000
2,21,40,16000
1,21,0,2300
2,21,20,2000
1,21,0,0
1,21,20,7000
1,21,0,0
2,21,40,6000
2,21,24,1200
2,21,0,0
1,21,40,20000
2,21,25,8000
2,21,40,3000
1,21,40,12000
2,21,30,6000
2,21,20,6000
1,21,40,4600
1,21,40,22000
2,21,0,0
1,21,55,20000
2,21,40,6500
2,21,40,18000
2,21,32,1500
2,21,40,11700
2,21,0,0
2,21,38,13000
2,21,0,0
2,21,30,5000
2,21,40,1800
2,21,30,7000
2,22,35,12000
1,22,40,1500
1,22,45,29000
1,22,60,23000
2,22,38,24000
2,22,20,6900
1,22,40,22000
1,22,40,11000
1,22,40,16000
2,22,24,3300
1,22,30,5200
2,22,28,8000
2,22,25,7000
2,22,40,11500
2,22,0,0
2,22,40,15000
1,22,40,11000
2,22,0,2200
2,22,80,12000
1,22,25,7000
1,22,35,5000
2,22,40,20000
1,22,40,13000
1,22,50,31000
2,22,40,16800
1,22,15,8000
2,22,25,6500
2,22,45,23900
1,22,40,16000
2,22,35,20000
2,22,0,0
2,22,0,3520
1,22,55,40000
2,22,25,8000
1,22,50,6000
1,22,37,4900
1,22,16,10000
2,22,0,0
2,22,35,5600
1,22,28,10500
1,22,40,38000
1,22,50,15000
1,22,40,13000
2,22,20,10850
1,22,0,4400
1,22,40,22000
1,22,40,16800
1,22,20,530
1,22,40,21000
2,22,40,21000
2,22,40,15000
1,22,40,28800
2,22,0,0
1,22,50,20000
2,22,37,8000
1,22,50,18010
2,22,15,4000
1,22,20,6120
1,22,35,4200
2,22,40,16050
2,23,0,3000
1,23,15,1000
2,23,6,3904
2,23,0,0
1,23,15,1800
2,23,5,250
1,23,50,5000
1,23,40,15000
2,23,40,31000
1,23,40,13500
2,23,35,21000
1,23,0,0
1,23,0,7900
2,23,40,26000
2,23,40,26310
2,23,54,3630
1,23,0,0
2,23,45,24000
1,23,40,13000
1,23,40,14800
2,23,0,3780
2,23,40,16500
1,23,40,14520
2,23,37,16090
2,23,40,15000
1,23,0,0
1,23,30,8000
1,23,60,30000
2,23,20,24000
1,23,0,0
1,23,50,6000
1,23,40,12000
2,23,30,3300
2,23,32,18900
2,23,20,610
1,23,50,17000
2,23,26,16000
1,23,40,16600
1,23,0,0
1,23,50,16000
2,23,0,0
2,23,52,13800
2,23,33,3000
2,23,20,18000
2,23,40,24000
1,23,40,11000
2,23,65,22000
2,23,40,3000
1,23,40,18200
1,23,70,22000
2,23,40,15500
1,23,45,31000
2,23,30,8000
1,23,40,18600
1,23,0,0
2,23,45,19000
2,23,38,24000
2,23,35,1330
1,23,40,28000
2,23,40,16000
2,23,0,4800
2,23,25,230
1,23,50,27000
1,23,65,41000
1,23,60,10000
1,23,16,7500
2,23,45,610
2,23,40,18200
1,23,40,45000
1,23,40,16800
1,23,40,45000
1,23,40,22300
2,24,40,22000
2,24,40,12000
1,24,40,22050
1,24,40,42000
2,24,20,26000
1,24,0,0
1,24,8,5000
1,24,40,16300
1,24,40,21000
1,24,40,27000
2,24,40,20600
2,24,50,30000
1,24,40,12600
2,24,40,35000
1,24,40,46000
2,24,50,2000
1,24,0,0
1,24,40,25800
1,24,40,9300
1,24,40,17000
1,24,30,4000
1,24,0,0
1,24,40,35000
1,24,25,5000
2,24,37,19300
2,24,10,3500
1,24,40,41300
2,24,35,2000
1,24,40,8000
1,24,0,6330
2,24,40,4000
1,24,60,35000
2,24,0,10
1,24,85,65200
2,24,0,0
2,24,60,43000
2,24,40,18300
2,24,40,11500
1,24,40,21400
1,24,22,13600
2,24,40,10000
2,24,32,13500
1,24,80,40000
1,24,40,14500
2,24,10,15000
1,24,60,26000
2,24,40,6000
2,24,40,6000
2,24,50,6000
2,24,0,0
2,24,0,0
1,24,39,11000
2,24,0,0
1,24,0,0
2,24,35,8700
1,24,0,0
2,25,0,0
1,25,40,45000
1,25,45,25100
1,25,0,0
1,25,40,10400
1,25,0,0
1,25,40,27000
2,25,40,22440
2,25,65,65000
2,25,0,0
2,25,35,8600
2,25,40,22700
1,25,40,28000
1,25,40,15000
1,25,40,15000
2,25,40,21000
2,25,30,3000
1,25,40,22400
1,25,40,50000
1,25,50,35000
2,25,25,760
1,25,40,8000
2,25,40,25000
1,25,40,8000
2,25,35,13500
1,25,40,30000
1,25,45,27030
1,25,10,12370
2,25,40,18000
1,25,40,40000
1,25,40,42800
1,25,45,20010
2,25,25,15000
2,25,0,0
2,25,40,24000
2,25,40,43020
1,25,40,15200
1,25,40,13000
2,25,0,0
2,25,35,16000
1,25,0,1600
1,25,0,6000
1,25,40,34120
1,25,40,50000
2,25,40,25000
1,25,0,200
2,25,30,9000
2,25,0,0
2,25,45,30100
2,25,40,24000
2,25,45,25300
1,25,46,23500
1,25,40,40000
2,25,40,24500
1,25,40,5000
1,25,40,28000
2,26,0,0
2,26,20,2800
1,26,30,19200
2,26,20,8100
1,26,40,49000
1,26,40,26600
1,26,50,34000
1,26,0,0
2,26,32,19000
1,26,42,58200
1,26,40,25000
1,26,0,0
1,26,45,49500
1,26,40,25000
1,26,40,37000
1,26,40,20700
1,26,42,38000
1,26,40,36000
2,26,35,700
1,26,40,17000
1,26,60,29000
2,26,40,22500
2,26,3,360
2,26,48,27010
2,26,40,24000
1,26,60,65000
1,26,40,20000
1,26,42,11000
1,26,60,62000
1,26,70,8000
1,26,50,27000
1,26,40,7200
2,26,45,21000
2,26,45,48100
1,26,0,0
2,26,36,21360
1,26,40,14300
1,26,40,25900
1,26,50,52000
2,26,30,4000
1,26,99,19800
1,26,40,4400
2,26,0,20
2,26,0,5000
1,26,0,6200
2,26,40,29200
2,26,32,10000
1,26,45,33000
2,26,0,1200
2,26,0,0
1,26,32,9800
1,26,40,50000
1,26,20,9570
2,26,40,17000
1,26,30,13700
1,26,48,20000
1,26,40,18000
2,26,0,3400
2,27,0,4200
1,27,60,16600
2,27,40,12000
1,27,0,0
1,27,20,10000
1,27,40,33000
2,27,0,0
1,27,40,11000
2,27,0,0
2,27,0,0
1,27,40,12500
2,27,40,16000
1,27,0,0
1,27,50,38100
1,27,60,54000
1,27,50,17000
2,27,40,35000
1,27,20,3600
2,27,40,10800
1,27,50,40490
2,27,0,300
2,27,40,44000
2,27,25,9500
1,27,60,60000
2,27,16,16700
2,27,12,1600
1,27,20,8800
1,27,55,60000
1,27,40,20000
2,27,40,4
1,27,40,23400
2,27,40,22900
2,27,45,28000
1,27,40,31000
1,27,40,60000
2,27,50,25000
2,27,40,27000
2,27,6,3300
2,27,45,19300
1,27,40,40000
2,27,50,26000
2,27,36,16500
1,27,50,28000
2,27,40,22000
1,27,50,20000
2,27,40,17500
1,27,40,6000
1,27,40,35300
2,27,50,15000
1,27,40,39020
2,27,8,5300
2,27,40,29000
1,27,10,8000
1,27,0,3900
1,27,40,25000
2,27,40,3500
2,27,5,3500
1,27,48,27600
1,27,40,27000
2,27,40,2500
1,27,40,10000
2,27,35,9000
1,27,40,18000
1,27,40,64000
2,27,40,15900
1,27,40,21000
1,27,55,28800
1,27,40,13000
2,27,40,25000
2,27,40,32000
1,27,40,20800
2,27,21,3330
2,28,0,0
2,28,52,32000
2,28,40,680
2,28,0,7900
1,28,30,15000
1,28,48,24000
2,28,50,16000
2,28,40,30000
2,28,40,25000
1,28,40,24000
1,28,40,6000
1,28,0,20600
2,28,50,74000
2,28,38,1400
2,28,10,8000
1,28,40,12000
2,28,38,24840
1,28,40,37600
1,28,40,18200
2,28,40,21000
2,28,84,24000
1,28,0,6410
1,28,60,44300
1,28,0,0
2,28,60,20000
2,28,0,0
1,28,35,69300
2,28,0,630
2,28,40,23000
1,28,40,24400
1,28,40,22000
2,28,40,18000
2,28,0,0
2,28,40,30000
2,28,58,40000
1,28,42,23000
2,28,40,12800
2,28,45,31000
1,28,20,13000
1,28,50,27000
1,28,50,45900
1,28,40,7400
2,28,0,2400
2,28,40,5000
1,28,60,6000
2,28,43,30050
2,28,0,0
2,28,35,20000
1,28,50,77000
2,28,25,3500
1,28,40,30100
2,28,45,19800
1,28,40,46000
1,28,60,27900
2,28,40,30000
2,28,50,36300
1,28,40,6400
1,28,40,30000
2,28,40,42000
1,28,60,13500
2,28,32,25000
1,28,40,29500
1,28,40,20000
1,28,43,26000
2,28,45,18000
2,28,40,25000
1,28,0,0
1,28,40,17000
1,28,50,30010
2,28,40,27300
1,28,55,11010
2,28,20,970
2,28,30,20500
1,28,45,27000
2,29,30,7800
1,29,80,50000
2,29,50,24400
2,29,0,0
1,29,60,35000
2,29,0,5500
1,29,45,32000
1,29,40,27000
2,29,40,18000
1,29,40,10000
1,29,80,43000
2,29,40,10000
1,29,0,0
2,29,45,9800
2,29,40,2800
2,29,0,0
1,29,40,49000
2,29,40,24000
2,29,8,10000
2,29,40,9000
2,29,20,2400
2,29,35,12600
2,29,20,18100
2,29,50,82050
1,29,55,45000
2,29,40,34000
1,29,65,23900
2,29,55,63000
1,29,14,16100
2,29,48,37000
2,29,40,40000
1,29,40,35000
1,29,0,0
1,29,40,35000
2,29,0,9200
1,29,0,0
1,29,60,68000
2,29,0,0
2,29,40,35420
2,29,50,35000
1,29,0,0
2,29,40,15150
1,29,45,7500
2,29,44,34700
2,29,40,21500
1,29,40,11000
2,29,40,7000
1,29,40,16000
2,29,20,10400
1,29,50,24000
1,29,0,0
2,29,20,10000
1,29,40,8000
1,29,40,40000
1,29,60,36500
2,29,0,0
1,29,0,6000
2,29,20,150
2,29,24,12000
1,29,37,15800
1,30,56,25600
2,30,40,51000
1,30,35,15000
2,30,40,11000
2,30,36,14400
1,30,40,17000
2,30,50,50000
2,30,0,12000
2,30,50,19000
2,30,40,6000
2,30,40,36950
1,30,25,10000
2,30,40,38000
1,30,40,29500
2,30,0,6100
1,30,0,3140
2,30,20,42000
2,30,40,17390
2,30,45,27840
1,30,0,6100
2,30,40,28000
1,30,40,15000
2,30,30,10200
1,30,40,100080
2,30,40,32000
1,30,70,120000
2,30,25,40000
2,30,40,20000
1,30,0,0
1,30,0,0
1,30,0,1080
1,30,60,30500
1,30,60,32000
1,30,48,31200
1,30,0,6000
1,30,45,37300
2,30,48,48200
2,30,40,26210
2,30,40,18000
2,30,6,4000
2,30,40,10000
2,30,36,10800
1,30,40,30000
1,30,55,2000
1,30,40,30000
2,30,0,0
1,30,40,25300
1,30,40,20000
2,30,45,37000
2,30,40,23000
1,30,40,23000
1,30,60,40000
1,30,40,27700
1,30,60,33000
1,30,40,45000
2,30,40,43600
2,30,0,0
1,30,55,15400
2,30,40,6500
1,30,40,17700
2,30,45,30150
2,30,40,34600
1,30,40,50000
2,30,40,32000
2,31,0,0
2,31,40,13000
2,31,40,23000
1,31,40,2000
1,31,40,18000
1,31,0,12300
2,31,40,28000
2,31,10,22000
1,31,50,30000
2,31,40,15000
2,31,60,16700
1,31,0,0
2,31,47,53390
1,31,40,52000
1,31,0,5100
1,31,40,31000
2,31,40,33100
1,31,40,20000
1,31,40,25130
1,31,44,26200
1,31,60,24500
2,31,50,16000
2,31,0,0
2,31,40,24000
1,31,40,45000
1,31,60,40000
2,31,0,0
1,31,50,86500
1,31,40,24000
1,31,45,27300
2,31,40,16600
1,31,0,0
1,31,45,25000
2,31,40,11000
1,31,40,73000
1,31,45,68200
2,31,45,24700
1,31,60,20000
1,31,40,18000
1,31,39,60050
1,31,40,18000
2,31,36,42000
2,31,40,25200
1,31,0,0
2,31,47,56800
1,31,50,40000
2,31,0,0
1,31,40,22000
1,31,38,55000
1,31,40,20000
1,31,60,8000
2,31,40,24400
2,31,40,25000
1,31,0,0
1,31,40,10300
2,31,45,29000
2,31,40,15000
2,31,42,60420
2,31,40,24000
1,31,60,20000
1,31,40,25400
1,31,40,48000
2,31,0,0
2,31,50,42600
1,31,40,24000
2,31,0,0
2,31,40,33200
2,31,24,11000
1,31,40,25000
1,31,40,12000
2,31,0,0
1,31,50,19000
2,31,40,4400
1,31,47,45150
2,31,43,22100
1,31,45,35000
1,31,55,48000
1,31,60,38000
1,31,30,11000
1,31,45,40000
2,31,50,70000
1,31,40,36000
2,31,40,22000
2,31,40,13020
2,32,40,70100
2,32,30,12000
2,32,40,19000
1,32,10,10000
1,32,55,40000
2,32,0,0
2,32,38,24000
1,32,50,18500
2,32,36,33000
2,32,20,22000
1,32,0,0
2,32,45,28300
2,32,40,27000
2,32,40,23000
2,32,5,270
1,32,40,35000
2,32,40,35000
2,32,40,17000
2,32,45,17000
1,32,40,32500
1,32,60,46000
1,32,40,30000
1,32,50,15000
2,32,0,2600
2,32,40,35000
1,32,60,28000
2,32,40,39060
1,32,45,176000
2,32,0,9000
2,32,40,22220
2,32,50,42600
2,32,0,0
2,32,40,39000
2,32,40,43000
1,32,40,32700
1,32,50,30000
1,32,60,20050
2,32,0,0
1,32,30,12000
1,32,52,40000
1,32,40,21300
2,32,40,5000
2,32,40,800
2,32,40,15300
1,32,40,40400
1,32,40,10000
2,32,40,18000
1,32,40,10000
1,32,45,50000
1,32,55,70000
1,32,95,29060
1,32,50,30000
2,32,55,2900
1,32,45,29000
1,32,60,50000
1,32,55,103000
2,32,40,8000
1,32,40,94000
2,32,40,24000
1,32,40,34000
1,32,65,27000
2,32,40,50000
1,32,40,29100
2,32,0,0
2,32,0,0
1,32,0,7900
2,32,80,31730
1,32,30,10800
2,32,70,32000
1,32,45,40000
2,33,40,8000
1,33,60,28000
1,33,50,115000
1,33,40,39000
1,33,40,52000
2,33,20,12000
1,33,40,18000
2,33,50,61000
1,33,55,21900
1,33,52,36500
1,33,60,32000
2,33,46,13100
1,33,50,49000
2,33,40,28500
2,33,32,10900
2,33,0,0
2,33,25,8100
2,33,40,45000
2,33,8,800
2,33,1,3000
2,33,40,18000
2,33,25,18450
2,33,40,21150
1,33,40,61000
1,33,40,29000
2,33,40,31600
2,33,0,0
1,33,50,90020
1,33,70,50000
2,33,40,11500
2,33,0,10000
2,33,40,5700
1,33,40,54000
2,33,40,78300
1,33,0,0
2,33,25,12350
2,33,40,19500
1,33,35,42000
1,33,40,90200
2,33,0,0
2,33,38,40000
1,33,40,34200
2,33,40,45000
2,33,50,27960
2,33,0,0
2,33,56,29000
1,33,0,8800
1,33,40,85000
1,33,40,32500
1,33,40,39000
2,33,40,47000
2,33,40,25500
1,33,40,21000
2,33,40,29500
2,33,0,0
1,33,35,19000
2,33,0,15500
2,33,40,25400
2,33,0,0
1,34,40,14600
1,34,40,9600
1,34,40,24000
2,34,40,25000
2,34,65,75000
2,34,40,28000
2,34,40,11000
1,34,40,35600
2,34,50,10000
2,34,0,6000
2,34,0,0
2,34,40,44000
1,34,50,323000
1,34,50,37000
1,34,48,63400
2,34,40,10100
1,34,37,34500
2,34,30,19000
1,34,42,30000
2,34,20,3000
2,34,45,6220
1,34,50,34050
1,34,50,62000
1,34,40,29000
1,34,0,0
2,34,43,35800
2,34,25,1800
1,34,40,24000
1,34,40,18500
1,34,40,23000
2,34,25,11700
2,34,16,1100
1,34,50,27000
2,34,10,8700
1,34,40,25500
1,34,50,58000
2,34,40,39000
1,34,45,15000
2,34,37,15000
2,34,7,9900
2,34,38,20980
1,34,50,25000
1,34,40,22000
2,34,40,23100
2,34,25,16000
2,34,35,29400
1,34,40,20200
2,34,25,12500
2,34,35,16200
1,34,40,31300
1,34,35,61000
1,34,55,70000
2,34,0,8500
1,34,30,3300
2,34,10,6500
2,34,20,7200
2,34,40,13000
1,34,40,23000
1,34,50,48150
1,34,40,8070
1,34,40,25000
2,34,40,55000
2,34,0,3200
1,34,40,20000
1,34,50,52200
1,34,25,3200
2,34,40,25000
2,34,0,0
1,34,40,20000
1,34,40,31300
1,34,40,33700
2,34,50,17820
2,34,0,0
2,34,35,11000
2,34,0,0
2,34,37,12300
2,35,28,6000
2,35,48,44800
2,35,20,2000
2,35,16,6400
2,35,8,15300
2,35,40,10000
2,35,0,16100
2,35,40,37420
1,35,40,90050
1,35,55,52000
1,35,40,3000
2,35,0,0
2,35,55,49000
1,35,50,140000
2,35,32,29300
2,35,40,45400
2,35,0,2000
2,35,40,20000
1,35,50,60000
1,35,60,45000
1,35,50,60000
1,35,40,38830
2,35,40,16000
2,35,40,11000
2,35,40,18000
1,35,40,14000
1,35,40,48000
2,35,0,0
2,35,40,18300
2,35,25,32200
1,35,40,72600
1,35,40,90000
2,35,36,15000
1,35,40,51190
1,35,63,95000
2,35,40,24000
1,35,40,15000
2,35,30,22000
1,35,40,30000
1,35,40,20000
2,35,40,28000
1,35,0,139000
2,35,0,4000
2,35,40,93100
1,35,58,50000
2,35,0,0
1,35,50,40000
2,35,35,28000
2,35,30,10100
2,35,35,6800
1,35,40,18000
1,35,40,10170
1,35,60,63020
2,35,40,19000
2,35,42,26000
2,35,40,30000
2,35,0,0
1,35,40,25000
1,35,40,76000
2,35,0,0
2,35,40,24000
1,35,70,52000
1,35,0,6600
2,35,40,14100
2,35,40,52800
2,35,40,50500
2,35,40,35000
2,35,40,28500
2,35,0,0
1,35,50,45000
2,35,0,6100
2,35,40,18000
1,35,0,11200
2,35,0,0
2,35,35,25000
1,35,55,100700
1,35,50,27100
2,35,20,10000
2,35,40,21220
1,35,35,53000
1,35,15,187600
2,35,40,10000
1,35,40,19000
2,36,40,17700
2,36,0,190
2,36,60,21000
2,36,35,26000
1,36,55,30304
1,36,40,110500
2,36,8,13500
2,36,0,0
2,36,20,15000
1,36,40,111000
1,36,0,8400
1,36,80,464000
2,36,45,10000
2,36,30,43700
2,36,40,29100
2,36,0,0
1,36,0,0
2,36,42,6400
1,36,65,68900
1,36,40,10000
2,36,38,30000
1,36,40,234000
2,36,40,69000
2,36,40,33000
1,36,48,19400
2,36,48,30000
1,36,48,13000
1,36,40,28000
1,36,40,46230
1,36,60,24000
2,36,40,35400
1,36,40,30200
2,36,40,30000
2,36,37,21000
2,36,40,20000
2,36,0,0
2,36,40,18540
1,36,48,11100
1,36,55,19000
2,36,40,73000
2,36,50,19200
1,36,40,42000
2,36,20,4000
1,36,40,25000
2,36,8,13900
1,36,50,54000
2,36,90,10300
1,36,40,15000
2,36,40,6000
2,36,30,26950
2,36,27,10100
2,36,20,17500
1,36,70,30000
1,36,70,247600
2,36,40,19850
2,36,40,4000
2,36,0,0
2,36,35,8100
1,36,0,0
2,36,38,19000
1,36,40,261000
1,36,50,51000
2,36,0,0
2,36,40,27700
1,36,30,26100
2,36,40,34000
1,36,40,6000
1,36,48,24000
1,36,60,11100
2,36,30,10000
2,36,24,38000
1,36,0,6000
2,36,0,0
2,36,40,24200
2,36,40,52000
1,36,40,10900
1,36,85,59030
1,36,55,30000
1,36,50,70000
1,36,45,80300
2,36,0,500
1,36,40,12000
1,36,70,161000
2,36,37,20400
1,36,50,55000
2,36,40,31000
2,36,40,33000
2,36,40,16000
2,37,0,0
2,37,0,0
1,37,50,66000
1,37,40,64010
2,37,0,0
1,37,0,6950
2,37,40,12990
1,37,40,22000
2,37,18,6000
2,37,40,120
2,37,0,0
2,37,40,75000
2,37,40,26000
1,37,40,10000
1,37,72,342000
2,37,30,10000
2,37,30,12000
2,37,60,62000
2,37,0,3400
1,37,50,41000
1,37,42,50000
1,37,45,32600
2,37,40,17000
1,37,0,0
1,37,40,48400
2,37,50,20000
1,37,40,16000
1,37,40,25550
1,37,0,0
2,37,0,0
2,37,40,35000
2,37,0,6000
1,37,50,120000
1,37,40,15000
2,37,40,41000
2,37,40,65000
2,37,50,64500
1,37,50,24000
2,37,30,22200
1,37,40,26000
1,37,40,27000
1,37,40,163000
1,37,40,18000
1,37,60,39000
1,37,40,35000
2,37,5,4950
1,37,60,60600
2,37,0,16000
1,37,40,60100
2,37,35,28000
1,37,40,70600
2,37,40,25000
1,37,40,23100
2,37,40,81350
1,37,43,39000
2,37,40,48400
1,37,40,24250
1,37,40,19000
1,37,40,35200
2,37,0,0
1,37,35,104210
2,37,16,23100
1,37,46,65000
2,37,30,4000
2,37,40,20000
1,37,42,29710
1,37,40,25000
1,37,35,15000
2,37,32,5400
2,37,40,30000
1,37,0,0
2,37,40,20530
1,37,36,48000
2,37,40,17000
1,37,40,30000
1,37,40,46000
1,37,40,26000
2,37,0,0
1,37,37,22000
2,37,0,3580
1,37,0,0
2,38,40,35200
1,38,30,21900
1,38,48,21000
2,38,40,20000
2,38,32,17000
2,38,40,30000
2,38,40,12200
1,38,40,60000
2,38,40,46800
1,38,45,88900
2,38,40,8000
2,38,40,100000
1,38,40,55000
1,38,40,40180
2,38,40,97000
2,38,30,28500
1,38,60,151000
1,38,47,12000
1,38,45,32000
1,38,40,18000
1,38,40,14000
2,38,40,29000
2,38,0,0
1,38,40,50000
2,38,40,21100
2,38,45,19000
1,38,0,2350
1,38,60,51500
2,38,0,0
1,38,60,326000
2,38,0,0
1,38,60,32500
2,38,35,15000
1,38,0,7500
1,38,0,-100
2,38,0,0
1,38,60,70000
1,38,60,80000
1,38,50,11000
2,38,40,36000
1,38,43,36000
2,38,0,0
1,38,40,25900
1,38,40,44000
2,38,24,10000
1,38,40,70000
1,38,50,322000
2,38,25,4150
1,38,40,60000
1,38,60,17200
2,38,30,40000
1,38,20,20000
1,38,0,0
2,38,0,0
2,38,40,15000
1,38,45,50000
1,38,40,54100
2,38,40,16600
2,38,0,5200
2,38,64,15500
1,38,40,32000
2,38,36,15000
1,38,38,10500
1,38,40,11000
1,38,60,303000
1,38,60,105000
2,38,4,2000
2,38,40,24000
1,38,48,20000
1,38,40,29500
2,38,40,40900
2,38,40,38000
1,38,38,9100
2,38,40,37000
2,38,0,0
2,38,40,16900
1,38,0,520
1,38,40,84000
2,38,0,100
2,38,50,45000
2,38,40,7800
2,38,40,7000
2,38,40,18000
2,39,40,11500
2,39,20,17000
2,39,20,22000
1,39,48,14000
1,39,55,85000
1,39,70,60000
1,39,40,39400
1,39,4,3600
1,39,0,20000
2,39,36,31000
1,39,50,46900
1,39,50,95000
2,39,50,116000
1,39,55,51000
1,39,50,160000
1,39,44,45500
2,39,25,4000
2,39,40,13700
1,39,0,0
1,39,40,232000
1,39,60,41100
2,39,40,38630
2,39,40,10000
2,39,40,750
1,39,60,10000
2,39,35,2000
2,39,22,7800
1,39,55,132000
2,39,17,4680
1,39,41,23000
1,39,55,39500
2,39,40,29000
2,39,8,18000
1,39,60,42400
1,39,40,80000
2,39,37,48000
1,39,40,150550
2,39,48,28000
2,39,0,0
2,39,32,8900
2,39,42,15000
2,39,40,40000
1,39,0,0
2,39,43,43000
1,39,50,20600
1,39,40,47000
1,39,0,8900
2,39,40,19000
1,39,60,25200
1,39,40,10000
1,39,60,102000
1,39,40,15410
2,39,10,20500
2,39,50,42000
1,39,37,19900
1,39,0,0
2,39,50,23000
2,39,36,45000
1,39,45,25000
2,39,0,0
1,39,40,33000
1,39,55,25000
2,39,50,59690
2,39,40,37000
1,39,40,30400
2,39,40,20000
2,39,48,38000
1,39,60,53000
2,40,0,0
2,40,40,19000
2,40,40,12000
1,40,40,35000
1,40,40,44000
2,40,0,0
2,40,0,0
2,40,40,9000
1,40,50,25200
2,40,35,16800
1,40,50,100000
2,40,45,20000
2,40,40,21000
1,40,40,4000
1,40,45,20000
1,40,56,34400
2,40,40,46500
2,40,40,32500
1,40,0,0
2,40,42,56130
1,40,50,45000
2,40,45,36000
2,40,20,7000
2,40,36,42000
2,40,34,19100
2,40,45,79000
1,40,40,19200
1,40,55,50000
2,40,40,33920
1,40,40,22000
1,40,40,50000
2,40,40,26000
2,40,20,10000
2,40,37,51000
2,40,0,0
2,40,0,7600
1,40,0,6200
2,40,0,7100
2,40,0,0
1,40,40,13100
2,40,40,25000
1,40,40,30000
1,40,45,55100
1,40,0,210
2,40,0,0
1,40,60,65000
1,40,45,39000
1,40,50,10000
2,40,50,48000
1,40,40,12000
2,40,40,121000
1,40,0,8400
1,40,40,71120
2,40,0,0
1,40,60,45000
1,40,55,40100
2,40,35,15010
1,40,40,50000
1,40,60,34440
2,40,20,18900
1,40,70,394000
1,40,40,18000
2,40,40,8300
2,40,20,1500
1,40,50,22000
2,40,0,9400
1,40,40,33000
1,40,0,6100
2,40,40,18604
2,40,32,14900
1,40,30,4100
1,41,40,48000
2,41,40,54030
2,41,16,7700
2,41,40,35000
2,41,0,900
1,41,40,30000
2,41,0,0
1,41,80,49200
2,41,9,7800
1,41,20,9340
2,41,40,50200
1,41,40,100000
1,41,40,49200
1,41,0,0
1,41,40,20000
2,41,50,-5800
2,41,20,4800
1,41,60,43130
2,41,0,3000
2,41,40,1000
1,41,64,100000
2,41,30,11830
2,41,40,16000
2,41,0,0
1,41,40,30000
1,41,50,70000
1,41,40,44500
1,41,40,80000
1,41,45,125000
1,41,53,58004
2,41,40,37600
1,41,0,0
2,41,35,21000
2,41,40,29000
2,41,45,33000
2,41,40,7000
2,41,40,24000
1,41,35,46000
1,41,40,27000
2,41,60,58000
1,41,40,90000
2,41,58,40100
2,41,30,12000
2,41,40,12170
2,41,40,27000
1,41,45,40000
1,41,40,12000
1,41,40,27200
1,41,50,100000
1,41,45,72100
1,41,40,36500
2,41,10,1600
1,41,0,0
1,41,40,20000
2,41,50,32000
1,41,40,24000
2,41,30,15000
2,41,0,0
1,41,40,40130
2,41,0,40300
1,41,40,30000
2,41,40,20000
1,41,50,60000
2,41,36,17000
2,41,10,4600
1,41,48,100000
1,41,70,29000
1,41,40,42200
1,41,40,28000
2,41,40,16600
2,41,45,52150
2,41,0,0
1,41,40,50000
2,41,0,6900
2,41,55,68850
2,41,15,7200
1,41,40,29000
1,42,60,60900
1,42,40,32500
2,42,40,50000
1,42,40,54100
2,42,40,43000
1,42,0,9600
2,42,25,20000
1,42,50,23000
2,42,32,11000
1,42,60,225000
2,42,40,15300
1,42,55,31000
2,42,25,13200
2,42,40,19900
2,42,40,25000
2,42,0,0
2,42,40,12000
1,42,45,37000
1,42,40,73500
1,42,40,50000
2,42,32,20000
2,42,48,21500
2,42,40,15000
1,42,48,24000
1,42,0,0
2,42,40,80000
2,42,0,0
2,42,0,10900
2,42,70,13000
1,42,30,13000
1,42,16,6700
2,42,50,16000
1,42,45,66500
2,42,40,55000
2,42,42,36000
1,42,80,62000
2,42,0,0
2,42,40,5100
1,42,60,20000
2,42,20,4080
2,42,0,0
1,42,40,17900
2,42,22,23000
1,42,40,332000
2,42,40,12000
1,42,40,17500
1,42,40,43600
2,42,35,12000
1,42,56,50000
2,42,5,9000
1,42,0,-2000
2,42,20,10000
2,42,40,12000
2,42,0,17660
2,42,40,20000
1,42,40,45000
2,42,0,0
1,42,45,51200
2,42,40,12000
1,42,40,30000
2,42,40,46400
1,42,40,142000
2,42,40,33200
2,42,50,17000
1,42,40,6500
1,42,65,36000
1,42,40,20700
2,42,0,0
1,42,40,10000
1,42,37,31800
2,43,0,0
1,43,40,22900
1,43,40,24000
2,43,45,16000
2,43,40,33000
1,43,40,17000
2,43,40,10800
2,43,40,36510
2,43,0,0
1,43,40,65000
2,43,40,34000
2,43,0,0
2,43,0,0
2,43,8,14400
2,43,25,2500
2,43,50,52000
2,43,40,43200
2,43,40,56200
1,43,40,20300
1,43,30,24400
2,43,40,20000
2,43,0,0
2,43,30,11400
2,43,40,56000
2,43,36,34000
2,43,40,50000
2,43,32,38000
2,43,35,18000
2,43,50,38800
1,43,60,17500
2,43,20,1150
2,43,32,25000
2,43,50,33000
2,43,40,23000
1,43,60,53000
2,43,0,0
1,43,40,30000
1,43,40,45000
2,43,0,0
2,43,40,38600
2,43,38,40010
2,43,2,7000
1,43,40,2000
1,43,48,20000
2,43,0,0
2,43,0,0
1,43,35,39500
1,43,50,70000
1,43,0,15000
1,43,4,10800
2,43,25,5800
1,43,48,82800
2,43,55,29800
1,43,50,150000
2,43,40,19600
1,43,40,16000
2,43,40,15000
1,43,40,100000
1,43,40,34000
2,43,50,28100
2,43,20,1700
1,43,60,50100
2,43,6,560
1,43,40,31990
2,43,40,15000
2,43,40,25000
1,43,0,0
1,43,37,14000
2,43,40,20760
2,43,15,5000
1,43,0,7600
1,43,70,140000
1,43,40,43000
2,43,0,43300
2,43,45,65400
1,43,0,21000
2,43,45,31000
2,43,38,15500
1,43,40,34900
2,43,40,25000
1,43,40,108590
2,43,0,0
2,43,40,15000
2,43,40,25670
1,43,65,41000
2,43,40,11000
2,43,0,6200
1,44,45,57000
2,44,45,27600
1,44,40,43000
1,44,1,500
2,44,0,0
1,44,40,34400
1,44,0,0
2,44,30,5100
1,44,40,55000
2,44,40,9000
2,44,0,0
1,44,35,50000
1,44,40,73500
1,44,40,12000
1,44,50,25000
1,44,50,26000
2,44,22,15000
2,44,40,25350
2,44,40,29500
2,44,0,26200
2,44,60,20900
2,44,40,18000
2,44,50,32000
2,44,30,6800
2,44,30,46500
2,44,45,75000
1,44,45,40500
2,44,48,17900
2,44,40,23700
2,44,40,32600
1,44,40,62000
2,44,5,8050
1,44,40,26000
1,44,45,43000
2,44,10,6000
2,44,40,64200
2,44,37,46000
2,44,0,6600
1,44,50,57200
1,44,0,12800
1,44,40,50000
2,44,38,13000
2,44,40,18700
2,44,36,53200
1,44,40,20000
1,44,40,22000
1,44,50,111000
2,44,40,3500
2,44,40,15000
2,44,0,0
1,44,40,35000
1,44,40,30000
2,44,30,7000
1,44,54,15000
2,44,20,15000
2,44,40,13400
2,44,20,8000
2,44,40,24000
2,44,0,0
1,44,40,17000
2,44,40,18600
2,44,30,38000
1,45,20,20800
2,45,32,170000
2,45,25,8700
1,45,40,53000
1,45,40,64000
1,45,40,13000
2,45,0,0
1,45,40,22000
1,45,40,28000
1,45,15,17000
1,45,60,17500
1,45,60,108070
1,45,45,31100
1,45,45,45200
2,45,0,0
2,45,40,7200
1,45,40,16000
1,45,35,12000
2,45,25,3800
1,45,50,100900
1,45,0,0
1,45,48,49400
2,45,80,28000
2,45,60,46000
2,45,0,8000
2,45,40,28400
2,45,40,21260
1,45,8,150
2,45,52,36000
2,45,40,33000
2,45,35,19900
1,45,60,17000
2,45,40,19100
2,45,35,15600
2,45,40,22530
1,45,60,42000
1,45,0,8200
1,45,50,10500
2,45,40,30000
1,45,50,135250
1,45,40,92900
1,45,40,25000
2,45,35,41300
2,45,40,19000
2,45,45,30000
1,45,40,80150
1,45,40,21000
2,45,40,18300
2,45,40,44600
2,45,40,12000
1,45,40,23760
2,45,30,40000
2,45,45,31000
1,45,40,60000
1,45,40,52000
1,45,50,25500
2,45,0,290
2,45,40,27000
2,45,35,41600
1,45,40,37300
1,45,45,33000
1,45,40,43000
2,45,0,5100
1,45,40,100000
2,45,36,34000
1,45,30,27000
2,45,20,10000
1,45,0,0
2,45,40,21000
2,45,60,48920
1,45,70,38800
2,45,40,17800
2,45,36,19610
1,45,45,32600
2,45,32,23504
1,45,40,30000
2,45,45,94000
1,45,25,2000
2,45,43,35000
1,45,50,24000
2,45,50,60000
2,45,0,0
1,45,60,66000
2,45,40,25000
1,45,40,16030
1,45,40,51000
2,45,50,80300
1,45,50,38250
2,45,0,0
2,45,20,18000
2,46,40,22000
2,46,28,5000
2,46,40,15600
2,46,20,17230
1,46,40,9000
2,46,0,0
1,46,40,80000
1,46,60,63000
1,46,40,20000
2,46,40,32000
1,46,55,67600
1,46,40,20140
2,46,40,40000
2,46,46,13000
2,46,45,19000
2,46,45,12500
2,46,40,24000
2,46,0,0
2,46,0,0
1,46,45,7600
1,46,50,90000
2,46,40,19000
2,46,40,13000
1,46,50,90000
1,46,40,40000
2,46,35,5000
1,46,50,38000
1,46,40,15000
1,46,50,45000
2,46,48,32000
2,46,40,40900
1,46,40,40000
1,46,40,45800
2,46,40,11000
1,46,40,17600
1,46,45,28000
1,46,45,51500
2,46,37,27100
1,46,0,0
2,46,0,18100
2,46,40,11000
2,46,20,132000
1,46,40,32700
1,46,50,46000
2,46,40,20000
1,46,50,49000
1,46,0,0
1,46,50,60000
2,46,40,29800
2,46,20,31000
1,46,50,45000
2,46,50,41900
2,46,0,2800
1,46,40,49000
2,46,40,22000
2,46,40,18000
2,46,40,24000
1,46,40,90000
1,46,40,40000
2,46,7,10000
1,46,30,22000
2,46,99,21050
1,46,60,685000
2,46,50,12200
1,46,40,44000
2,46,0,4800
2,46,40,30200
1,46,50,29000
1,46,40,48200
1,46,0,13000
2,46,40,37600
1,46,50,103000
1,46,0,13200
1,46,56,6300
2,46,40,40000
2,47,40,27000
2,47,40,39500
1,47,30,12000
1,47,50,6900
1,47,40,21200
2,47,40,42000
1,47,40,82300
2,47,40,24000
1,47,40,39200
1,47,40,100000
1,47,40,57000
1,47,40,48000
1,47,44,74000
1,47,60,20000
2,47,40,32000
2,47,40,13300
2,47,40,34810
1,47,48,48440
1,47,40,39000
2,47,0,0
2,47,0,0
2,47,0,0
1,47,40,57000
1,47,40,23000
2,47,43,18000
1,47,60,32000
2,47,40,-10000
1,47,30,3000
1,47,40,8300
2,47,45,27500
1,47,40,16000
2,47,0,6000
2,47,40,27000
2,47,34,32400
1,47,50,44000
1,47,48,37030
2,47,52,45050
2,47,0,0
2,47,0,13500
2,47,50,67000
1,47,40,47000
1,47,56,37900
2,47,0,0
2,47,40,40000
2,47,0,0
2,47,35,3520
2,47,0,250
2,47,48,47000
2,47,15,6000
2,47,52,65000
1,47,48,32100
1,47,80,68000
1,47,40,68000
2,47,40,24050
1,47,50,294400
2,47,40,38000
2,47,40,39000
2,47,50,18000
2,47,40,3000
2,47,0,0
1,47,60,31000
2,47,40,24000
1,47,40,70000
1,47,60,30000
2,47,48,33700
2,47,40,36000
2,47,40,22000
2,47,33,3300
2,47,50,20000
2,47,40,3000
1,47,60,50100
1,47,40,54030
2,47,40,20120
2,47,30,30000
2,47,40,18000
1,47,0,29500
2,47,25,10000
1,47,0,8200
1,47,40,25800
1,48,0,11700
2,48,40,10000
2,48,40,23000
2,48,40,10200
2,48,30,40430
2,48,40,44600
1,48,0,0
2,48,40,24000
1,48,40,65000
1,48,50,334000
2,48,0,0
1,48,50,62000
1,48,0,8300
1,48,40,67000
1,48,30,8000
2,48,0,0
2,48,40,41560
1,48,45,38000
1,48,0,8400
2,48,46,47000
1,48,48,39900
2,48,52,17000
1,48,40,27330
2,48,40,26000
1,48,55,210000
1,48,40,27560
1,48,60,40000
1,48,50,78000
2,48,45,17000
1,48,40,19600
1,48,40,25000
1,48,20,41300
2,48,40,25000
1,48,0,13300
1,48,50,32000
1,48,40,25000
2,48,35,48600
1,48,40,44400
2,48,40,10000
2,48,40,148540
1,48,50,59050
2,48,80,15000
1,48,45,95500
2,48,50,54160
2,48,22,4200
1,48,40,15000
1,48,48,52000
2,48,40,7800
1,48,40,20000
1,48,45,91000
1,48,40,16350
2,48,37,20200
2,48,45,21900
1,48,0,0
1,48,40,16200
1,48,46,82000
1,48,40,50000
2,48,48,38000
1,48,40,74000
2,48,40,25500
2,48,40,45000
2,48,40,12000
1,48,40,51000
2,48,0,0
1,48,60,73160
2,48,40,11000
1,48,72,-5800
1,48,50,8000
2,48,0,0
2,48,40,15700
1,48,0,4200
2,48,40,76000
2,48,0,0
2,48,60,15600
1,48,40,21230
2,48,18,10800
1,48,40,8200
1,48,0,0
1,49,80,38000
1,49,60,65240
1,49,55,90000
1,49,45,22100
2,49,0,0
2,49,0,0
2,49,40,49600
2,49,40,15304
2,49,60,109500
1,49,40,336000
1,49,40,44030
2,49,48,29300
1,49,35,168000
2,49,48,30000
2,49,40,27000
2,49,22,17500
1,49,50,127000
2,49,40,36400
2,49,40,90000
2,49,36,43530
2,49,0,0
2,49,0,0
1,49,45,48000
1,49,45,38030
1,49,40,1800
2,49,20,8300
1,49,35,32000
1,49,60,95500
1,49,60,317000
1,49,40,76000
1,49,0,8000
2,49,25,6600
2,49,35,24900
2,49,32,32000
1,49,30,30000
2,49,35,27000
2,49,15,80000
1,49,35,47400
1,49,85,30000
1,49,0,40140
1,49,40,10900
1,49,25,33890
1,49,47,35000
1,49,45,60000
1,49,40,30000
1,49,40,60000
1,49,55,70200
2,49,0,0
2,49,60,60000
1,50,75,-10000
2,50,52,10000
1,50,0,6000
1,50,70,40100
1,50,40,30000
1,50,40,13500
1,50,40,40000
1,50,40,15500
1,50,46,9000
2,50,50,14000
2,50,19,23000
1,50,0,8400
1,50,32,15800
1,50,34,29500
1,50,40,203000
2,50,40,8100
2,50,42,34600
2,50,40,13000
2,50,40,60000
2,50,0,0
1,50,80,55000
2,50,40,2900
1,50,40,60000
2,50,0,0
1,50,40,55200
1,50,40,33600
1,50,60,55000
1,50,40,90000
2,50,40,32000
1,50,40,57500
1,50,40,40200
1,50,80,33600
1,50,80,83000
1,50,40,13500
2,50,40,54000
1,50,50,68000
1,50,50,310000
1,50,40,65060
2,50,37,30000
1,50,45,60000
1,50,60,2000
2,50,40,32500
1,50,40,22500
1,50,35,19100
2,50,24,60500
1,50,35,39400
1,50,50,104300
2,50,40,50000
1,50,50,55000
2,50,40,18000
2,50,35,32000
1,50,40,58000
2,50,38,60000
1,50,50,33200
1,50,48,56000
1,50,0,33900
2,50,37,14600
2,50,0,0
2,50,32,20000
1,50,10,10300
1,50,40,37000
2,50,40,23500
1,50,40,28480
2,50,90,37000
1,50,75,32300
2,50,45,14000
1,50,50,68000
1,50,84,12000
2,50,30,1100
1,50,0,14900
2,50,0,0
1,50,50,12800
2,50,0,0
1,50,40,40000
1,50,0,6100
1,50,40,24000
2,51,26,15040
1,51,65,345000
1,51,40,52000
1,51,45,17200
2,51,40,13200
2,51,0,0
2,51,0,0
1,51,50,43620
1,51,0,8300
2,51,40,40000
2,51,40,13000
1,51,40,92000
1,51,50,42800
2,51,40,25000
2,51,0,4300
2,51,25,9120
1,51,45,140900
2,51,16,10000
1,51,0,0
1,51,35,11000
1,51,40,57000
1,51,50,79930
2,51,0,5500
2,51,38,37070
1,51,40,49510
1,51,46,53900
1,51,40,40000
1,51,70,369100
2,51,20,7900
2,51,20,239000
2,51,40,39000
2,51,45,40300
2,51,2,18000
1,51,40,73000
1,51,40,36400
1,51,40,50000
1,51,40,62000
2,51,40,67000
1,51,50,91000
2,51,0,0
2,51,45,35050
2,51,40,65000
2,51,50,115170
2,51,0,720
2,51,50,28800
1,51,48,48000
2,51,40,56350
2,51,0,7700
2,51,40,49200
1,51,75,23000
2,51,40,96800
1,51,42,38000
1,51,40,320000
1,51,0,15100
2,51,0,0
1,51,40,25000
2,51,0,0
2,51,0,800
1,51,60,21000
2,51,40,77500
1,51,41,60020
1,52,60,145000
1,52,55,48000
1,52,50,47000
1,52,40,62000
2,52,65,60000
2,52,40,5000
1,52,40,90300
2,52,0,0
2,52,0,13400
1,52,55,91000
1,52,35,27500
2,52,40,45000
2,52,40,33080
2,52,40,5500
1,52,40,324000
1,52,70,317700
1,52,0,0
2,52,35,12000
1,52,40,19000
1,52,48,9300
1,52,0,4100
1,52,40,29000
2,52,40,15000
1,52,40,50000
2,52,8,7600
2,52,40,25000
1,52,40,50000
2,52,0,0
2,52,0,0
2,52,40,15700
1,52,60,9600
1,52,40,15000
1,52,50,41000
2,52,0,47900
1,52,50,55000
2,52,40,10000
1,52,40,57000
1,52,40,92000
2,52,60,31000
1,52,0,8100
2,52,20,28200
2,52,40,23600
2,52,20,6000
1,52,0,20400
1,52,55,54000
2,52,40,25500
2,52,40,27000
1,52,50,60000
2,52,40,20300
2,52,0,0
1,52,75,85000
2,52,0,0
2,52,24,24000
1,52,70,30000
1,52,60,37000
1,52,40,1700
1,52,43,102590
2,52,45,65450
2,52,40,28100
2,52,40,27000
1,52,40,37170
1,52,40,65000
2,52,45,47050
2,52,0,0
2,52,40,46000
1,52,0,1000
2,52,40,23500
1,52,50,48050
1,52,40,25700
2,52,0,0
1,52,52,323500
2,52,0,8230
1,52,35,24000
2,52,5,1700
2,52,0,0
1,52,40,32050
1,52,0,13300
1,52,40,60010
2,52,0,0
1,53,0,0
1,53,40,50000
1,53,40,4200
2,53,40,40000
2,53,4,3500
1,53,40,40000
2,53,40,55000
2,53,40,43000
2,53,35,42000
2,53,46,20000
2,53,0,0
1,53,0,290
2,53,48,9000
1,53,55,45000
1,53,40,54000
1,53,0,0
2,53,55,223000
1,53,45,18000
2,53,0,0
2,53,0,0
1,53,60,50000
1,53,60,6500
1,53,36,42000
2,53,48,30000
2,53,40,13400
2,53,40,30000
1,53,60,51000
2,53,40,56000
2,53,40,38000
1,53,45,68000
1,53,60,323000
1,53,8,26400
1,53,48,24000
2,53,16,2130
2,53,0,5000
1,53,40,42000
1,53,0,0
1,53,0,6600
1,53,40,25000
1,53,35,38930
2,53,40,25920
2,53,37,13200
1,53,48,42100
1,53,40,45200
2,53,40,44000
1,53,50,40020
1,53,0,2900
1,53,40,35000
1,53,60,75000
2,53,40,26700
1,53,40,42400
1,53,40,36000
1,53,40,47600
1,53,0,0
1,53,40,54000
2,53,0,4800
1,53,46,71000
1,53,46,49900
2,53,40,20850
1,53,50,50000
1,53,40,11100
2,53,40,19704
2,53,50,25600
2,53,8,3600
1,53,0,9800
1,53,40,104000
2,53,40,30000
1,53,0,6400
2,53,16,2000
2,53,40,28000
2,53,30,10050
1,53,35,24100
1,53,0,11000
2,54,0,15400
2,54,40,33000
2,54,42,27000
1,54,40,72040
1,54,25,17900
2,54,0,6400
2,54,0,0
2,54,40,20000
2,54,38,27500
1,54,40,40800
2,54,40,29000
1,54,40,39400
2,54,21,17400
2,54,40,15000
1,54,40,20000
2,54,0,6200
2,54,0,0
1,54,40,23000
1,54,60,40200
2,54,40,22400
2,54,8,10100
2,54,0,0
2,54,60,18000
1,54,0,33900
2,54,0,3600
1,54,37,52000
1,54,45,85000
1,54,50,399000
1,54,35,70000
1,54,40,72600
2,54,40,30000
2,54,32,15700
2,54,0,0
2,54,40,52000
1,54,65,43400
2,54,40,33000
2,54,40,42200
1,54,40,80600
2,54,45,34000
1,54,40,50000
1,54,0,47900
2,54,0,2300
2,54,40,40000
1,54,42,43220
1,54,60,4500
2,54,0,0
1,54,60,25000
1,54,44,43000
2,54,0,25000
2,54,40,74000
2,54,35,15700
1,54,40,39930
2,54,28,1700
2,54,0,0
1,55,40,20030
2,55,0,0
2,55,0,0
1,55,16,18200
2,55,0,134000
1,55,45,46900
1,55,0,0
1,55,40,34500
1,55,40,30000
2,55,50,70850
2,55,20,3000
1,55,40,18000
1,55,0,11600
1,55,40,32000
1,55,65,74000
2,55,48,20000
1,55,50,40000
2,55,45,16000
2,55,25,12000
2,55,45,48000
2,55,50,13800
2,55,22,18270
1,55,0,15500
2,55,40,28700
1,55,50,70000
2,55,0,6400
1,55,40,20000
2,55,0,0
1,55,75,85000
2,55,40,5900
2,55,0,23700
2,55,40,54000
2,55,0,6000
2,55,45,68300
2,55,40,25790
1,55,40,38000
2,55,0,0
1,55,0,40000
1,55,40,27500
1,55,0,0
2,55,40,16400
2,55,40,61640
1,55,40,26000
2,55,0,7160
2,55,45,18000
2,55,60,57900
1,56,50,56000
2,56,40,25000
2,56,0,0
1,56,56,42000
1,56,60,330000
2,56,22,2660
1,56,40,40000
2,56,0,7900
1,56,40,35000
2,56,38,16000
1,56,0,23500
1,56,36,25100
1,56,0,300
1,56,40,60000
1,56,40,70000
2,56,80,19100
2,56,0,0
1,56,45,266000
1,56,40,51000
1,56,40,19200
2,56,0,0
1,56,50,9800
2,56,0,8600
2,56,0,0
1,56,0,0
2,56,40,64230
2,56,0,4900
2,56,0,0
1,56,40,24000
1,56,50,14000
1,56,0,35000
2,56,45,27000
1,56,50,40000
1,56,80,82000
1,56,37,55190
1,56,40,75000
2,56,0,0
1,56,0,28000
1,56,40,46500
2,56,53,31200
2,56,40,25800
2,56,40,14800
2,56,0,12000
2,56,40,15800
2,56,30,10900
1,56,60,26300
1,56,40,37830
1,56,40,22000
2,56,70,18700
2,56,0,6020
2,56,40,41980
2,56,0,7000
1,56,40,81500
2,56,0,0
1,56,9,30000
2,56,40,33200
2,56,35,8000
1,56,44,298000
1,57,45,27900
2,57,40,20000
2,57,0,0
2,57,0,15400
2,57,0,9200
1,57,0,0
1,57,0,12104
1,57,40,24000
2,57,50,87000
2,57,48,17000
2,57,40,42100
2,57,0,0
1,57,40,7900
1,57,40,78900
2,57,0,0
2,57,10,28300
2,57,56,24000
2,57,40,35000
1,57,50,41000
2,57,30,1900
1,57,48,41200
1,57,0,1300
1,57,40,62000
1,57,0,16300
2,57,40,36400
1,57,40,8000
1,57,40,58300
1,57,40,65000
2,57,0,4880
1,57,40,90100
1,57,50,7400
1,57,40,55100
1,57,25,9400
1,57,80,120000
1,57,0,0
1,57,40,30000
1,57,41,52440
1,57,0,130000
1,57,0,10200
2,57,30,65000
1,57,0,24000
2,57,40,34100
1,57,0,5600
1,57,45,108500
1,57,0,133000
1,57,20,16700
1,57,90,85200
2,58,40,32000
2,58,0,6300
2,58,16,800
2,58,20,14000
1,58,50,75000
2,58,30,14200
2,58,40,35000
2,58,40,21000
1,58,0,42000
1,58,40,106000
2,58,0,0
2,58,40,2000
2,58,40,67000
2,58,0,15000
1,58,40,20000
1,58,40,42450
2,58,12,30000
2,58,80,19500
1,58,40,20000
2,58,40,52400
2,58,40,8000
2,58,0,0
1,58,6,4090
2,58,70,29500
1,58,45,20000
1,58,0,6600
1,58,0,24400
2,58,40,15000
1,58,40,50000
1,58,0,2900
2,58,40,14000
2,58,40,18800
2,58,20,6800
2,58,25,16500
2,58,0,0
1,58,0,51000
1,58,38,51630
1,58,48,49000
1,58,45,50000
2,58,0,0
1,58,60,81490
2,58,40,24100
2,58,90,20000
1,58,0,44000
1,58,12,60000
2,58,40,36000
2,58,40,18000
1,58,0,14450
1,58,50,108500
2,58,20,14400
1,58,48,22000
1,58,7,15304
2,58,0,14000
2,58,0,0
1,58,50,44000
1,58,44,32000
2,58,0,7400
2,58,40,13470
1,58,0,44000
2,58,0,520
1,58,50,52990
2,58,20,14600
1,58,20,23000
2,59,40,18000
2,59,45,25900
1,59,0,31500
2,59,40,18000
1,59,40,50100
2,59,40,28000
1,59,40,18000
2,59,40,82000
2,59,48,12000
2,59,40,19000
2,59,0,10300
1,59,40,16750
2,59,40,37700
1,59,40,21000
1,59,70,16200
1,59,30,30000
1,59,50,179000
1,59,24,45000
1,59,0,37000
2,59,40,38900
2,59,0,22000
1,59,80,70000
1,59,40,11000
1,59,50,37700
1,59,60,18000
2,59,40,50000
2,59,0,6200
1,59,35,59600
1,59,0,14400
1,59,0,0
1,59,40,21000
2,59,40,17700
1,59,40,92000
2,59,0,0
2,59,40,45200
2,59,38,14530
2,59,0,55000
2,59,40,14800
2,59,25,8000
1,59,45,77500
2,59,25,7100
1,59,40,40000
2,60,0,31000
1,60,50,18800
1,60,0,7100
2,60,0,10
2,60,30,4000
2,60,40,24000
1,60,40,42000
1,60,40,-5600
2,60,0,1000
1,60,30,20500
2,60,38,22000
2,60,0,5000
2,60,0,0
1,60,50,46740
1,60,40,53000
1,60,40,439000
2,60,0,0
1,60,40,30400
2,60,0,460
2,60,0,6100
2,60,40,25500
1,60,60,322000
1,60,0,22200
2,60,40,34800
1,60,40,50320
1,60,40,37000
2,60,38,55000
2,60,43,39500
1,60,50,60000
2,60,0,0
2,60,0,0
1,60,40,85200
2,60,0,0
1,60,40,9600
1,60,37,20100
2,61,0,15000
2,61,42,5200
1,61,0,17100
2,61,40,72000
2,61,40,81060
2,61,55,39200
1,61,10,54500
1,61,0,24000
2,61,0,0
1,61,0,37000
2,61,8,10000
1,61,40,329400
2,61,20,10000
2,61,45,41000
1,61,0,34400
1,61,48,36800
1,61,40,20400
1,61,40,96500
1,61,0,45400
1,61,40,23400
1,61,24,8500
2,61,0,0
2,61,0,5200
1,61,46,50000
1,61,70,56000
1,61,35,47500
1,61,50,117000
1,61,40,130000
1,61,40,53270
2,61,0,0
2,61,0,0
1,61,60,21100
1,61,46,16800
1,61,0,6500
1,61,40,46800
2,61,0,380
1,61,50,36000
1,61,0,0
1,61,40,58000
2,61,0,28350
1,61,40,36920
2,61,40,28700
1,61,0,28100
2,62,40,14000
1,62,0,600
1,62,0,56600
2,62,0,32400
2,62,20,6900
1,62,60,9370
2,62,40,31200
2,62,0,63000
2,62,0,0
2,62,60,21000
1,62,0,47100
2,62,65,9800
1,62,48,20000
1,62,40,39320
1,62,48,56100
1,62,40,14600
2,62,0,0
1,62,0,10800
1,62,40,35030
1,62,10,50800
2,62,0,6250
2,62,40,28500
1,62,40,45200
1,62,40,42600
1,62,60,49000
1,62,0,49000
2,62,0,0
1,62,0,13900
1,62,0,13180
2,62,0,17310
2,62,6,11000
2,62,23,16600
2,62,10,4000
2,62,20,4300
1,62,40,18000
1,62,0,22000
1,62,0,18900
1,62,40,90000
1,62,0,18000
1,62,65,370000
2,62,40,81000
1,62,40,36100
2,62,40,56660
1,62,40,36300
1,62,40,50060
2,62,40,31820
1,62,0,60100
1,62,0,3500
1,63,48,194000
1,63,0,28530
1,63,40,133000
2,63,0,2700
2,63,0,8200
2,63,0,17860
2,63,20,9100
1,63,0,10300
1,63,0,17400
2,63,0,8800
2,63,0,670
2,63,0,3600
1,63,0,44100
1,63,55,97000
2,63,0,11970
1,63,55,310000
1,63,0,0
1,63,0,35000
1,63,10,16100
1,63,0,7300
2,63,0,0
2,63,60,23200
1,63,40,14000
2,63,42,50000
2,63,42,29200
2,63,0,4300
2,63,0,3900
1,63,48,30400
1,63,0,14600
1,63,40,55000
2,63,60,4500
2,63,20,6000
2,63,0,8320
1,63,0,2220
1,63,70,21000
2,63,0,6400
2,64,45,30000
1,64,70,344000
2,64,0,0
1,64,35,263000
2,64,40,34800
2,64,40,18600
1,64,10,21610
2,64,0,6900
2,64,0,4910
1,64,0,12000
2,64,0,3000
1,64,0,29200
1,64,0,147480
2,64,40,300
2,64,60,52000
2,64,0,4100
1,64,40,16000
1,64,28,21450
2,64,24,22400
2,64,0,2900
1,64,40,31400
2,64,8,800
2,64,0,3000
1,64,18,12900
1,64,0,9800
2,64,0,3000
1,64,0,41060
2,64,0,1000
2,64,0,140900
2,64,40,25200
1,64,0,7700
1,64,0,23700
1,64,40,12560
2,64,0,4800
2,64,0,5420
2,64,15,8800
2,65,0,6000
2,65,0,10400
2,65,0,32000
1,65,40,38000
1,65,0,18700
1,65,0,11600
1,65,30,96000
2,65,0,10700
1,65,0,35300
2,65,20,37004
2,65,0,6000
2,65,0,9200
1,65,0,8000
2,65,20,600
1,65,0,28560
1,65,0,12300
2,65,0,4000
2,65,0,116100
2,65,0,13000
2,65,0,25900
1,65,50,292000
1,65,0,1700
2,65,10,10670
2,65,0,9600
1,65,0,4000
2,65,0,46000
2,65,0,24500
1,65,0,6700
1,65,0,11000
1,65,0,16100
2,65,0,3300
1,65,17,25700
1,65,0,12100
2,65,0,11100
2,65,0,18300
1,65,0,17800
2,65,0,6700
1,65,40,14400
1,65,40,25700
1,65,0,0
1,65,40,320000
2,65,0,4500
2,65,0,15700
1,65,40,47800
2,65,0,3400
1,65,20,33600
1,65,40,96000
1,65,0,163700
1,65,0,12000
1,65,50,50100
1,65,0,3200
1,66,0,26100
1,66,10,27000
2,66,50,60900
2,66,0,3600
1,66,0,40000
2,66,0,19900
1,66,0,28500
1,66,0,60700
1,66,40,38600
2,66,0,7770
1,66,0,8100
2,66,0,55300
2,66,5,11200
1,66,0,28900
1,66,0,13100
1,66,0,9000
1,66,20,150000
1,66,0,126400
1,66,0,6330
2,66,0,31780
2,66,0,3500
1,66,0,5400
2,66,0,4400
2,66,0,9970
1,66,0,9100
2,66,60,36000
2,66,0,3500
1,66,0,4600
2,66,0,6000
2,66,40,40700
1,66,40,95000
1,66,0,33200
2,66,0,4900
2,66,0,9500
2,66,0,8200
1,66,0,9500
1,67,0,34000
1,67,0,37000
1,67,0,41000
2,67,0,8300
1,67,0,7800
1,67,0,22300
1,67,0,24200
1,67,0,124600
2,67,0,11400
2,67,45,163500
1,67,0,6000
2,67,6,3000
1,67,0,19100
2,67,0,26000
1,67,0,9900
2,67,0,8500
2,67,0,8000
1,67,0,19900
2,67,0,17220
2,67,0,6200
2,67,25,14200
1,67,0,8300
2,67,0,2400
1,67,0,20400
1,67,26,16000
1,67,0,28000
2,67,15,17800
2,67,12,3500
1,67,0,45500
1,67,0,6000
2,67,0,15200
2,67,0,8700
1,67,0,4500
1,67,0,61000
2,67,0,5100
2,67,0,5500
1,68,0,33000
2,68,0,6000
2,68,0,10300
2,68,0,36100
1,68,0,0
1,68,0,0
1,68,0,6500
1,68,0,20400
1,68,0,20900
2,68,0,2800
2,68,0,6300
1,68,20,44100
2,68,0,5000
1,68,0,12400
2,68,0,3100
2,68,0,3400
1,68,0,16210
2,68,0,32000
1,68,0,62000
2,68,0,6700
1,68,0,39400
2,68,0,11700
1,69,40,16800
1,69,0,8200
1,69,40,72800
2,69,0,20000
1,69,0,28100
2,69,0,19000
1,69,0,19000
1,69,0,35300
1,69,40,30000
2,69,0,20800
2,69,0,6000
1,69,0,44200
1,69,20,36420
2,69,0,29000
2,69,0,25900
2,69,0,21670
2,69,0,20250
1,69,40,18100
1,69,0,7200
1,69,0,6000
2,69,0,4900
2,69,0,5400
2,69,0,0
1,69,0,25500
2,69,0,31000
1,69,20,73300
2,69,0,11100
1,69,0,7500
2,69,0,4500
2,69,26,21400
2,69,0,8400
1,69,0,9900
1,69,25,35800
2,69,0,12000
1,69,0,22440
1,69,7,37300
2,69,0,13400
2,69,0,3000
2,70,0,0
1,70,0,8400
2,70,0,8100
2,70,0,42000
2,70,0,0
2,70,0,14400
2,70,0,5400
1,70,0,6000
2,70,0,13600
1,70,24,22100
2,70,0,5030
2,70,0,11400
2,70,0,19260
2,70,0,6100
1,70,40,81800
2,70,0,5200
1,70,15,136000
2,70,0,7300
2,70,0,17800
1,70,0,29000
2,70,0,13400
2,70,0,5400
2,70,0,5510
1,70,0,27700
1,70,0,20700
1,70,0,3700
2,71,0,5000
2,71,0,4400
2,71,0,13200
2,71,0,7700
2,71,0,25800
1,71,20,29800
1,71,0,13000
1,71,0,14000
2,71,0,0
2,71,0,8400
2,71,0,18170
2,71,0,15900
1,71,40,19500
1,71,0,18700
2,71,0,7800
2,71,0,5500
2,71,0,142000
2,71,20,20200
2,71,0,5700
2,71,0,7600
1,71,0,150000
1,71,0,8200
1,71,0,18200
1,71,0,14700
2,71,0,26500
2,71,30,36000
1,71,0,12600
1,71,20,52000
1,71,0,84800
1,71,0,17000
1,71,0,13300
2,71,0,24600
1,71,3,30900
1,72,40,185400
2,72,0,29000
2,72,0,20000
1,72,0,58800
1,72,0,102500
2,72,0,15000
2,72,0,85900
1,72,0,61000
2,72,0,15600
1,72,0,9900
2,72,20,8000
2,72,0,2700
2,72,0,12000
2,72,0,0
1,72,0,8200
1,72,0,12650
1,72,40,42600
2,72,28,15500
2,72,0,8510
2,72,0,4500
2,72,0,37300
1,72,0,26100
2,72,12,13510
2,72,0,21600
2,72,0,2200
2,72,24,4100
2,72,0,18900
1,72,60,55100
2,72,0,8800
2,72,0,24000
1,72,12,27100
2,72,0,4900
2,72,0,12100
2,72,0,4800
1,72,0,45600
2,72,0,13800
1,72,70,25090
2,72,0,12800
2,72,0,19000
2,72,0,0
2,73,0,4600
2,73,0,10800
2,73,0,11700
2,73,0,4000
1,73,0,25400
1,73,0,34000
1,73,0,13000
2,73,0,5100
2,73,0,10460
2,73,0,0
2,73,0,10000
2,73,0,19000
2,73,40,34500
2,73,0,8200
1,73,0,13100
2,73,0,12400
2,73,0,6000
1,73,0,15400
1,73,0,4600
1,73,35,30200
2,73,0,6000
2,73,0,19900
1,73,18,13200
2,73,0,5100
1,73,0,148700
2,73,0,10700
1,73,0,11200
1,73,0,28500
1,73,40,30400
2,73,0,3900
2,73,0,6000
1,73,0,1100
1,73,0,11300
1,73,0,18600
2,73,0,19000
1,73,0,16500
2,74,0,4600
1,74,0,0
1,74,40,30000
1,74,0,44700
1,74,0,20700
1,74,0,45000
1,74,0,17200
2,74,0,10000
1,74,0,10704
2,74,0,11100
2,74,0,8400
1,74,22,14900
1,74,40,6380
2,74,0,7300
1,74,0,15000
1,74,0,14000
2,74,0,0
2,74,0,8500
2,74,0,23700
2,74,0,7800
2,74,0,16400
2,74,0,25400
1,74,0,30000
2,74,0,12200
1,74,0,7700
2,74,0,5800
2,74,0,4600
2,74,20,18400
2,74,0,6200
2,74,0,0
2,75,0,18500
1,75,0,61500
2,75,15,21600
2,75,48,18900
2,75,0,3400
2,75,0,2900
2,75,12,187700
2,75,0,39700
2,75,0,6200
2,75,0,9300
1,75,0,36600
2,75,0,7300
2,75,0,17300
1,75,0,18300
1,75,0,15000
2,75,0,12000
1,75,0,20500
2,75,0,6000
1,75,0,8000
1,75,0,6800
2,75,7,28150
1,75,0,7200
2,75,0,17900
2,75,0,3000
2,75,0,46700
2,75,0,54400
1,75,30,46200
1,75,0,11630
1,75,0,18500
1,75,0,12000
1,75,40,39100
2,75,0,5000
1,75,0,14600
1,75,0,15600
2,75,0,23800
1,75,0,12900
1,75,0,21800
1,75,40,22500
1,76,0,22000
2,76,0,12300
1,76,0,27300
1,76,35,20200
1,76,0,32300
2,76,0,14500
2,76,0,14000
2,76,0,0
2,76,0,13400
1,76,5,23200
2,76,0,4000
2,76,20,23700
1,76,0,10500
2,76,0,68700
2,76,0,21000
2,76,50,28400
2,76,0,18500
2,76,0,13500
2,76,0,15800
2,76,8,26500
1,76,0,0
1,76,6,138170
2,76,0,8500
1,76,0,9600
2,76,0,6690
2,76,12,20300
2,76,0,5700
1,76,15,34000
1,76,0,11600
1,77,0,22700
2,77,40,34700
2,77,0,4200
2,77,0,5500
1,77,0,137700
1,77,0,28500
2,77,0,0
1,77,0,13000
2,77,0,2800
1,77,0,600
2,77,0,36700
1,77,0,4000
1,77,0,21300
1,77,0,20900
1,77,20,28700
1,77,2,63200
1,77,0,29100
1,77,0,19300
1,77,80,43000
1,77,0,21700
2,77,0,12800
1,77,15,13200
2,77,1,6900
1,77,0,66800
1,77,0,110200
2,77,0,14900
2,77,20,30300
2,78,12,7600
1,78,0,21000
2,78,0,22300
2,78,0,6500
2,78,0,0
1,78,42,32100
2,78,0,6100
1,78,0,2700
2,78,0,18000
1,78,0,39500
1,78,0,8300
1,78,0,15000
1,78,0,49700
1,78,0,31000
1,78,0,26400
2,78,0,17100
2,78,0,11200
2,78,0,47600
1,78,0,19500
1,78,0,26160
1,78,15,16700
2,78,0,2400
1,78,0,30000
2,78,0,27100
2,78,0,12000
2,78,0,21600
1,78,0,10300
1,78,0,10450
2,78,0,10000
1,78,30,141200
2,79,0,19500
2,79,40,38600
2,79,0,18700
1,79,0,7000
2,79,0,12000
1,79,0,29800
2,79,0,20500
1,79,0,6380
1,79,20,11400
2,79,0,19000
2,79,0,3900
2,79,0,3800
2,79,0,9400
2,79,0,9600
2,79,0,17700
1,79,14,66200
2,79,0,6430
2,79,0,10400
2,79,0,147800
2,79,0,33000
1,79,0,23000
2,79,0,6000
1,79,60,22900
2,80,0,15300
2,80,0,0
1,80,0,165000
2,80,0,17200
2,80,0,10000
2,80,0,5800
2,80,0,15000
2,80,0,13800
1,80,32,40600
2,80,0,2100
2,80,0,4800
2,80,0,9900
1,80,0,0
1,80,0,0
1,80,0,6300
2,80,0,6500
2,80,0,4970
2,80,0,4800
1,80,0,5100
2,80,0,1640
2,81,0,10200
2,81,0,18900
1,81,0,68000
2,81,0,10560
1,81,0,7000
2,81,0,13800
2,81,0,13700
1,81,0,8180
2,81,0,4100
2,81,0,3700
2,81,0,9500
1,81,0,9600
2,81,0,13300
2,81,0,8200
2,81,0,21100
2,81,0,5400
1,81,0,11800
2,81,0,14000
1,82,0,18000
1,82,0,274800
2,82,0,8000
2,82,0,27800
2,82,0,32000
1,82,0,23300
1,82,0,15080
2,82,0,8400
1,82,0,0
1,82,0,34500
2,82,0,28500
2,82,0,13100
1,82,0,11000
2,82,0,5400
1,82,0,18000
2,83,0,38000
1,83,0,134000
2,83,0,13400
1,83,0,55300
2,83,0,6700
2,83,0,29500
2,83,0,3500
2,83,0,85400
1,83,0,15400
2,83,0,11100
2,83,0,6000
2,83,0,14200
1,84,0,14600
1,84,0,21700
2,84,0,18200
1,84,0,12040
2,84,0,0
1,84,0,18700
2,84,0,152300
2,84,0,12800
2,84,0,0
1,84,0,23000
2,84,0,9200
2,84,0,6400
1,84,0,34300
1,84,19,14800
1,84,0,9780
1,84,0,6130
1,84,30,20520
1,85,0,8400
1,85,0,203800
1,85,0,18200
2,85,0,8000
2,85,0,0
2,85,0,7640
2,85,0,139300
1,85,0,13000
1,85,0,53500
2,85,0,33000
1,85,10,44400
2,85,0,7690
2,85,0,9600
2,85,0,12800
1,86,0,51200
1,86,0,16100
2,86,0,75800
1,86,0,10400
2,86,0,12400
1,86,40,11400
1,86,0,6000
1,86,0,13700
1,86,0,15400
1,86,0,3600
2,86,0,14900
2,86,0,11400
2,86,0,18500
1,86,0,26000
2,86,0,0
1,86,0,7800
2,86,0,17000
2,87,0,6100
2,87,0,15400
2,87,0,0
2,87,0,5900
1,87,0,10800
2,87,0,26400
2,87,0,15300
2,87,0,23300
2,88,0,20700
2,88,0,4800
1,88,0,16800
2,88,0,7160
1,88,0,59400
1,88,0,23200
2,88,0,13500
2,89,0,32900
2,89,0,82400
2,89,0,20900
2,89,0,9600
2,89,0,9500
2,89,0,9700
2,89,0,6200
2,89,0,4900
2,89,0,8000
2,93,0,7700
1,93,0,27200
2,93,0,16400
2,93,0,6000
2,93,0,15900
2,93,0,9100
2,93,0,5300
2,93,0,13200
1,93,0,16600
2,93,0,12000
2,93,0,14700
1,93,0,10900
2,93,0,9400
2,93,0,7800
2,93,0,14500
2,93,0,5400
2,93,0,6000
2,93,0,7900
1,93,0,0
2,93,0,9000
1,93,0,24000
2,93,0,3000
2,93,0,9500
2,93,0,4100
1,93,0,0
1,93,0,8600
1,93,0,6000
